District,SCRN,School English Name,K1 Vacancy Status (Y/N/P),K1 As At Date
CENTRAL AND WESTERN,322270-0001,CARITAS LING YUET SIN KINDERGARTEN,P,04/07/2023
CENTRAL AND WESTERN,565954-0001,CARITAS NURSERY SCHOOL - KENNEDY TOWN,P,04/07/2023
CENTRAL AND WESTERN,320544-0001,CARITAS ST FRANCIS KINDERGARTEN,N,04/07/2023
CENTRAL AND WESTERN,215929-0002,CHERISH ENGLISH SCHOOL & KINDERGARTEN,Y,04/07/2023
CENTRAL AND WESTERN,564648-0001,CHIU YANG KINDERGARTEN,Y,04/07/2023
CENTRAL AND WESTERN,564850-0001,ELCHK  AMAZING GRACE NURSERY SCHOOL,P,04/07/2023
CENTRAL AND WESTERN,565253-0001,HKSPC THOMAS TAM NURSERY SCHOOL,Y,04/07/2023
CENTRAL AND WESTERN,564435-0001,HKYWCA TAI HON FAN NURSERY SCHOOL,Y,04/07/2023
CENTRAL AND WESTERN,536911-0001,HONG KONG TRUE LIGHT KG (CAINE ROAD),P,04/07/2023
CENTRAL AND WESTERN,512273-0002,KAU YAN SCHOOL,N,04/07/2023
CENTRAL AND WESTERN,315656-0003,LING YAN SCHOOL,Y,04/07/2023
CENTRAL AND WESTERN,513423-0001,RHENISH MISSION SCHOOL,Y,04/07/2023
CENTRAL AND WESTERN,325970-0001,SACRED HEART CANOSSIAN KINDERGARTEN,P,04/07/2023
CENTRAL AND WESTERN,564354-0001,SJS BELCHER KG,N,04/07/2023
CENTRAL AND WESTERN,213632-0002,ST ANTHONY'S ANGLO-CHINESE PRI SCH & KG,P,04/07/2023
CENTRAL AND WESTERN,210021-0001,ST CLARE'S PRIMARY SCHOOL,Y,04/07/2023
CENTRAL AND WESTERN,319813-0001,ST MATTHEW'S CHURCH KINDERGARTEN,Y,04/07/2023
CENTRAL AND WESTERN,131466-0001,ST PAUL'S CHURCH KINDERGARTEN,P,04/07/2023
CENTRAL AND WESTERN,131440-0001,ST STEPHEN'S CHURCH PRI SCH & KG,Y,04/07/2023
CENTRAL AND WESTERN,132896-0001,ST STEPHEN'S GIRLS' COLLEGE KINDERGARTEN,N,04/07/2023
CENTRAL AND WESTERN,552739-0001,SUN ISLAND ENGLISH KG (BELCHER BRANCH),Y,04/07/2023
CENTRAL AND WESTERN,214248-0001,WISELY KINDERGARTEN,Y,04/07/2023
CENTRAL AND WESTERN,563692-0001,WOMEN'S WELFARE CLUB W-DIST HK KG,Y,04/07/2023
CENTRAL AND WESTERN,565440-0001,YAN CHAI HOSPITAL FONG KONG FAI KG,P,04/07/2023
CENTRAL AND WESTERN,563439-0001,YAN CHAI HOSPITAL KWOK CHI LEUNG KG,Y,04/07/2023
WAN CHAI,563447-0001,BGCAHK CHEERLAND KINDERGARTEN (WANCHAI),Y,04/07/2023
WAN CHAI,133280-0001,CCC WANCHAI CHURCH KINDERGARTEN,Y,04/07/2023
WAN CHAI,565385-0001,HKCS TIMES NURSERY SCHOOL,Y,04/07/2023
WAN CHAI,133744-0001,HONG KONG LING LIANG CHURCH KG,P,04/07/2023
WAN CHAI,323853-0002,KHALSA DIWAN KINDERGARTEN,Y,04/07/2023
WAN CHAI,600334-0002,MASS INTERNATIONAL PRESCHOOL,Y,04/07/2023
WAN CHAI,518247-0001,MUSLIM COMMUNITY KINDERGARTEN,Y,04/07/2023
WAN CHAI,324922-0001,OI KWAN RD BAPT CH LUI KWOK PAT FONG KG,Y,04/07/2023
WAN CHAI,563641-0001,PLK CHU LEE YUET WAH KINDERGARTEN,N,04/07/2023
WAN CHAI,323896-0001,PLK VICWOOD CHONG KEE TING KINDERGARTEN,Y,04/07/2023
WAN CHAI,133019-0001,PRECIOUS BLOOD KINDERGARTEN,Y,04/07/2023
WAN CHAI,567531-0001,ROSARYHILL KINDERGARTEN,Y,04/07/2023
WAN CHAI,564346-0001,SJS CAUSEWAY BAY KG,N,04/07/2023
WAN CHAI,564338-0003,SJS KATHLEEN MCDOUALL KG,Y,04/07/2023
WAN CHAI,569712-0001,SKH ST CHRISTOPHER'S NURSERY(WAN CHAI),Y,04/07/2023
WAN CHAI,325368-0001,ST MARGARET MARY'S CATHOLIC KINDERGARTEN,N,04/07/2023
WAN CHAI,614920-0001,TWGHS MR. & MRS.LEE YIN YEE NURSERY SCH,N,04/07/2023
EASTERN,311910-0001,BAPTIST PUI LI SCHOOL,Y,04/07/2023
EASTERN,566101-0001,BO BO NURSERY SCHOOL,P,04/07/2023
EASTERN,216135-0001,C&MA SCHOLARS' ANGLO-CHINESE KG,Y,04/07/2023
EASTERN,325996-0001,CANNAN KINDERGARTEN (SIU SAI WAN),Y,04/07/2023
EASTERN,566039-0001,CARITAS LIONS CLUB HK(PACIFIC) NUR SCH,P,04/07/2023
EASTERN,566152-0001,CCC CHAI WAN CHURCH DN,Y,04/07/2023
EASTERN,520144-0001,CHING CHUNG HING TUNG KINDERGARTEN,N,04/07/2023
EASTERN,215830-0001,CREATIVE KINDERGARTEN (HENG FA CHUEN),Y,04/07/2023
EASTERN,325597-0001,CWBC PRE-SCH EDUCATON LUI MING CHOI KG,Y,04/07/2023
EASTERN,578126-0001,CWBC PRESCH EDU LUI MING CHOI KG(SIU S W,Y,04/07/2023
EASTERN,324230-0001,DOMINIC SAVIO KINDERGARTEN,Y,04/07/2023
EASTERN,324230-0002,DOMINIC SAVIO KINDERGARTEN,Y,04/07/2023
EASTERN,564800-0001,ELCHK  HING WAH NURSERY SCHOOL,Y,04/07/2023
EASTERN,325619-0001,ENDEAVOURERS CHAN CHENG KIT WAN KG,Y,04/07/2023
EASTERN,215872-0001,EPOCH ANGLO-CHINESE KINDERGARTEN,Y,04/07/2023
EASTERN,325899-0001,EPWORTH VILLAGE METHODIST CHURCH KG,Y,04/07/2023
EASTERN,323969-0002,GRACE BAPTIST KINDERGARTEN,Y,04/07/2023
EASTERN,565830-0001,HENG FA CHUEN LUTHERAN DAY NURSERY,N,04/07/2023
EASTERN,563897-0001,HK & KKWA TING YUK CHEE KINDERGARTEN,Y,04/07/2023
EASTERN,563889-0001,HK & KKWA WAN TSUI KINDERGARTEN,Y,04/07/2023
EASTERN,563331-0001,HKFYG CHING LOK KINDERGARTEN,N,04/07/2023
EASTERN,325163-0001,HOP YAT CHURCH CHAN PAK WANG MEMORIAL KG,Y,04/07/2023
EASTERN,325783-0001,KENDALL INTERNATIONAL PRESCHOOL (I.EAST),Y,04/07/2023
EASTERN,215848-0001,KORNHILL CHRISTIAN ANGLO-CHINESE KG,Y,04/07/2023
EASTERN,589144-0001,LINGNAN KINDERGARTEN (SIU SAI WAN),Y,04/07/2023
EASTERN,610534-0001,LINGNAN NO.2 KINDERGARTEN (SIU SAI WAN),Y,04/07/2023
EASTERN,564583-0001,LUTHERAN PHILIP HSE HING MAN NURSERY SCH,Y,04/07/2023
EASTERN,325589-0001,NEW JADE ELEMENTI KINDERGARTEN,Y,04/07/2023
EASTERN,314684-0002,NORTH POINT METHODIST CHURCH KG,Y,04/07/2023
EASTERN,604402-0001,NP METHODIST CHURCH KG (FORTRESS HILL),N,04/07/2023
EASTERN,567345-0001,PO LEUNG KUK WAI YIN KG,N,04/07/2023
EASTERN,563161-0001,SA NORTH POINT NURSERY SCHOOL,N,04/07/2023
EASTERN,543357-0001,SHAU KEI WAN METHODIST KINDERGARTEN,Y,04/07/2023
EASTERN,516910-0001,SHAUKIWAN KF WEL CMY CTR CKT MEM KG,Y,04/07/2023
EASTERN,566420-0001,SHAUKIWAN TSUNG TSIN NURSERY SCH,Y,04/07/2023
EASTERN,322687-0001,SKH HOLY NATIVITY CHURCH KINDERGARTEN,Y,04/07/2023
EASTERN,542199-0001,SPRING VIEW KINDERGARTEN,Y,04/07/2023
EASTERN,215740-0001,ST ANNA ANGLO-CHINESE KINDERGARTEN,Y,04/07/2023
EASTERN,325457-0001,ST DOMINIC ANGLO-CHINESE KINDERGARTEN,Y,04/07/2023
EASTERN,536040-0001,ST JAMES LUTHERAN K/G,Y,04/07/2023
EASTERN,315435-0001,ST PETER'S CHURCH KINDERGARTEN,Y,04/07/2023
EASTERN,590053-0001,ST. PAUL'S CHURCH KG (NORTH POINT),P,04/07/2023
EASTERN,324094-0001,STAR OF THE SEA CATHOLIC KINDERGARTEN,Y,04/07/2023
EASTERN,564745-0001,THE HONG KONG CHINESE WOMEN'S CLUB KG,N,04/07/2023
EASTERN,325767-0001,TWGH FONG SHU FOOK TONG KINDERGARTEN,N,04/07/2023
EASTERN,564095-0001,TWGHS CHIAP HUA CHENG'S NURSERY SCHOOL,Y,04/07/2023
EASTERN,564133-0001,TWGHS FONG SHU CHUEN NURSERY SCHOOL,Y,04/07/2023
EASTERN,598275-0001,WISE LE SAGE ANGLO-CHINESE KINDERGARTEN,Y,04/07/2023
EASTERN,564222-0001,WWC (EASTERN DIST) NURSERY HK,Y,04/07/2023
EASTERN,564230-0001,WWC(ED)HK LAI KWAI TIM DAY NURSERY,N,04/07/2023
EASTERN,326011-0001,YIU TUNG BAPTIST KINDERGARTEN,Y,04/07/2023
EASTERN,316660-0001,ZION LUTHERAN KINDERGARTEN,Y,04/07/2023
SOUTHERN,523089-0001,ABERDEEN BAPTIST CHURCH PAK KWONG KG,P,04/07/2023
SOUTHERN,565865-0001,C & MA LEI TUNG NURSERY SCH,Y,04/07/2023
SOUTHERN,565849-0001,C & MA SOUTH HORIZONS NUR SCH,Y,04/07/2023
SOUTHERN,522740-0001,CANNAN KINDERGARTEN (HONG KONG),Y,04/07/2023
SOUTHERN,560090-0001,CREATIVE KINDERGARTEN (SHAM WAN TOWERS),Y,04/07/2023
SOUTHERN,325570-0001,HK HARBOUR MISSION CHURCH YAN OI KG,Y,04/07/2023
SOUTHERN,324850-0001,HO YAN KG (SPONSORED BY SIK SIK YUEN),Y,04/07/2023
SOUTHERN,565750-0001,LEI TUNG LUTHERAN DAY NURSERY,Y,04/07/2023
SOUTHERN,563773-0001,PLK MRS VICWOOD K T CHONG (WAH KWAI) KG,Y,04/07/2023
SOUTHERN,563145-0001,SA WAH FU NURSERY SCH,Y,04/07/2023
SOUTHERN,216038-0001,ST MONICA'S AC KG (WAH KWAI ESTATE),Y,04/07/2023
SOUTHERN,215899-0001,ST MONICA'S ANGLO-CHINESE KINDERGARTEN,Y,04/07/2023
SOUTHERN,312134-0002,ST PETER'S CATHOLIC KG,Y,04/07/2023
SOUTHERN,326003-0001,ST PETER'S CHURCH KINDERGARTEN (STANLEY),Y,04/07/2023
SOUTHERN,313637-0001,ST TERESA'S KINDERGARTEN,Y,04/07/2023
SOUTHERN,565644-0001,TIN WAN METHODIST KINDERGARTEN,Y,04/07/2023
SOUTHERN,564184-0001,TWGHS  SHIU WONG LEE MOON FOOK N SCH,Y,04/07/2023
SOUTHERN,528161-0001,TWGHS TIN WAN (1996 - 1997 DIRECTORS) KG,Y,04/07/2023
SOUTHERN,563714-0001,WWCWDHK AP LEI CHAU KG,Y,04/07/2023
YAU TSIM MONG,531898-0001,CANNAN KINDERGARTEN (CHARMING GARDEN),Y,04/07/2023
YAU TSIM MONG,547069-0001,CCC MONGKOK CHURCH JEANNETTE KG,Y,04/07/2023
YAU TSIM MONG,616281-0001,CLEMENT KINDERGARTEN,Y,04/07/2023
YAU TSIM MONG,533858-0001,DOMINIC SAVIO KG (OLYMPIC BR),P,04/07/2023
YAU TSIM MONG,566969-0001,HEEP HONG  SOCIETY HEALTHY KIDS NUR SCH,N,04/07/2023
YAU TSIM MONG,565423-0001,HKCS CENTRAL NURSERY SCHOOL,N,04/07/2023
YAU TSIM MONG,563323-0001,HKFYG CHING LOK KINDERGARTEN (YAUMATEI),Y,04/07/2023
YAU TSIM MONG,565067-0001,HKSPC BOC NURSERY SCHOOL,P,04/07/2023
YAU TSIM MONG,564931-0001,HKSPC HK BANK FOUNDATION NURSERY SCHOOL,Y,04/07/2023
YAU TSIM MONG,565091-0001,HKSPC PARK'N SHOP STAFF C FUND NURS SCH,N,04/07/2023
YAU TSIM MONG,565300-0001,HKSPC PORTLAND STREET NURSERY SCHOOL,P,04/07/2023
YAU TSIM MONG,325554-0001,JORDAN PAK HOI KINDERGARTEN,Y,04/07/2023
YAU TSIM MONG,558346-0003,LITTLE BUDS KINDERGARTEN,N,04/07/2023
YAU TSIM MONG,516929-0001,MONG KOK AGNES ENGLISH KINDERGARTEN,Y,04/07/2023
YAU TSIM MONG,563820-0001,PO LEUNG KUK LUI KAM TAI KINDERGARTEN,N,04/07/2023
YAU TSIM MONG,565474-0001,PROSPEROUS GARDEN BAPTIST NURSERY SCHOOL,N,04/07/2023
YAU TSIM MONG,566535-0001,SA CATHERINE BOOTH NURSERY SCH,P,04/07/2023
YAU TSIM MONG,325198-0001,SA CHAN KWAN TUNG KINDERGARTEN,P,04/07/2023
YAU TSIM MONG,562939-0001,SA HOI FU NURSERY SCH,N,04/07/2023
YAU TSIM MONG,562955-0001,SA LAI CHI KOK NURSERY SCH,N,04/07/2023
YAU TSIM MONG,216070-0001,SEMPLE KINDERGARTEN,Y,04/07/2023
YAU TSIM MONG,555436-0001,SUN ISLAND KG (METRO HARBOUR BRAN),Y,04/07/2023
YAU TSIM MONG,324060-0001,TAI TUNG SUN CHUEN ST TERESA KG,N,04/07/2023
YAU TSIM MONG,133582-0001,TAK SUN KINDERGARTEN,Y,04/07/2023
YAU TSIM MONG,564249-0001,YAN OI TONG CHAN CHENG YUK YEE KG,N,04/07/2023
YAU TSIM MONG,565024-0001,YAUMATEI YANG MEMORIAL METHODIST PRE-SCH,N,04/07/2023
SHAM SHUI PO,565563-0001,BAPT OK SOCIAL SERV PUI YAN PRE-PRI SCH,Y,04/07/2023
SHAM SHUI PO,324787-0001,BUDDHIST TSANG KOR SING ANGLO-CHINESE KG,Y,04/07/2023
SHAM SHUI PO,132152-0001,CCC HEEP WOH KINDERGARTEN,Y,04/07/2023
SHAM SHUI PO,324795-0001,CCC KEI CHUN KINDERGARTEN,Y,04/07/2023
SHAM SHUI PO,319511-0001,CCC SHUM OI CHURCH KINDERGARTEN,Y,04/07/2023
SHAM SHUI PO,532550-0001,CHE LOK KINDERGARTEN,Y,04/07/2023
SHAM SHUI PO,532550-0002,CHE LOK KINDERGARTEN,N,04/07/2023
SHAM SHUI PO,565245-0001,CHEUNG SHA WAN KFWA LAM TAM YIN WAH KG,Y,04/07/2023
SHAM SHUI PO,532800-0001,CHRISTIANALLIANCE LOUEY CHOY KWAN LOK KG,Y,04/07/2023
SHAM SHUI PO,216208-0001,DELIA ENGLISH PRIMARY SCHOOL & KG,N,04/07/2023
SHAM SHUI PO,216208-0002,DELIA ENGLISH PRIMARY SCHOOL & KG,Y,04/07/2023
SHAM SHUI PO,325635-0001,EVANGELICAL LU CH OF HK NAM CHEONG KG,Y,04/07/2023
SHAM SHUI PO,323519-0001,FAITH LUTHERAN CHURCH KINDERGARTEN,N,04/07/2023
SHAM SHUI PO,324159-0001,GUIDEPOSTS KINDERGARTEN,Y,04/07/2023
SHAM SHUI PO,618527-0001,GUIDEPOSTS KINDERGARTEN (NAM CHEONG BRAN,Y,04/07/2023
SHAM SHUI PO,564729-0001,HK SHENG KUNG HUI KEI OI NURSERY SCHOOL,Y,04/07/2023
SHAM SHUI PO,565407-0001,HKCS LEI CHENG UK NURSERY SCHOOL,Y,04/07/2023
SHAM SHUI PO,566705-0001,HKCS SHEK KIP MEI NURSERY SCHOOL,Y,04/07/2023
SHAM SHUI PO,565393-0001,HKCS TAI HANG TUNG NURSERY SCHOOL,N,04/07/2023
SHAM SHUI PO,601861-0001,HKLLC SAU TAK KG(CAMPUS 2),N,04/07/2023
SHAM SHUI PO,564478-0001,HKSPC CHEUNG SHA WAN NURSERY SCHOOL,Y,04/07/2023
SHAM SHUI PO,325953-0001,HKYWCA ATHENA KINDERGARTEN,P,04/07/2023
SHAM SHUI PO,564516-0001,HKYWCA CHIU OI WAH NURSERY SCHOOL,N,04/07/2023
SHAM SHUI PO,564443-0001,HKYWCA SHIU PONG NURSERY SCHOOL,Y,04/07/2023
SHAM SHUI PO,596787-0001,HONG KONG LING LIANG CHURCH SAU TAK KG,N,04/07/2023
SHAM SHUI PO,517712-0001,JAMES ANGLO-CHINESE KG (SHAM SHUI PO),N,04/07/2023
SHAM SHUI PO,323080-0001,N.M.S. LUTHERAN KINDERGARTEN,Y,04/07/2023
SHAM SHUI PO,566560-0001,PENTECOSTAL CHURCH OF HK NAM CHEONG NS,Y,04/07/2023
SHAM SHUI PO,596116-0001,PLK ANGELA LEONG ON KEI KG,P,04/07/2023
SHAM SHUI PO,548723-0001,PLK LAU CHAN SIU PO KINDERGARTEN,Y,04/07/2023
SHAM SHUI PO,564044-0001,PRECIOUS BLOOD KG (SHAM SHUI PO),N,04/07/2023
SHAM SHUI PO,563170-0001,SA PAK TIN NURSERY SCH,N,04/07/2023
SHAM SHUI PO,317403-0002,SHAM SHUI PO BAPTIST CHURCH KINDERGARTEN,Y,04/07/2023
SHAM SHUI PO,325830-0001,SHAM SHUI PO TAK SHIN KINDERGARTEN,Y,04/07/2023
SHAM SHUI PO,325252-0001,SKH SHAM SHUI PO KEI OI CHURCH KG,Y,04/07/2023
SHAM SHUI PO,323357-0001,ST THOMAS' CHURCH KINDERGARTEN,Y,04/07/2023
SHAM SHUI PO,323683-0001,SUEN MEI KINDERGARTEN,N,04/07/2023
SHAM SHUI PO,325511-0002,TACK CHING KINDERGARTEN,Y,04/07/2023
SHAM SHUI PO,615641-0001,THE SALVATION ARMY SO UK KINDERGARTEN,Y,04/07/2023
SHAM SHUI PO,536482-0001,TSUNG TSIN MISSION PAK TIN GRACEFUL KG,Y,04/07/2023
SHAM SHUI PO,514659-0001,TSUNG TSIN PRIMARY SCHOOL AND KG,P,04/07/2023
SHAM SHUI PO,613169-0001,TTMHK ON HONG NURSERY SCHOOL (SHUN NING),Y,04/07/2023
SHAM SHUI PO,615315-0001,TWGHS MR. & MRS. TAM  KAM KAU KG,Y,04/07/2023
SHAM SHUI PO,324264-0004,WESTERN PACIFIC KINDERGARTEN,Y,04/07/2023
SHAM SHUI PO,567051-0001,YAN OI TONG PONG LO SHUK YIN KG,Y,04/07/2023
SHAM SHUI PO,133850-0001,YAU YAT CHUEN SCHOOL,Y,04/07/2023
KOWLOON CITY,138835-0003,ALLIANCE KINDERGARTEN,N,04/07/2023
KOWLOON CITY,133787-0001,AMOY COLLEGE,Y,04/07/2023
KOWLOON CITY,600890-0001,BUDDHIST MR. & MRS. CHAN CHART MAN KG,P,04/07/2023
KOWLOON CITY,531910-0001,CANNAN KINDERGARTEN (KOWLOON TONG),N,04/07/2023
KOWLOON CITY,565130-0001,CANNAN KINDERGARTEN (WATERLOO ROAD),N,04/07/2023
KOWLOON CITY,575518-0001,CANNAN KINDERGARTEN (WHAMPOA GARDEN),Y,04/07/2023
KOWLOON CITY,315907-0001,CHRISTIAN YOUTH CENTRE KINDERGARTEN,Y,04/07/2023
KOWLOON CITY,323926-0001,CREATIVE KINDERGARTEN,P,04/07/2023
KOWLOON CITY,133779-0001,FIRST ASSEMBLY OF GOD PRI SCH & KG,Y,04/07/2023
KOWLOON CITY,132870-0001,HEEP YUNN SCHOOL PRIVATE KINDERGARTEN,N,04/07/2023
KOWLOON CITY,565229-0001,HKSPC MA TAU CHUNG NURSERY SCHOOL,Y,04/07/2023
KOWLOON CITY,565288-0001,HKSPC SIA WHAMPOA NURSERY SCHOOL,Y,04/07/2023
KOWLOON CITY,616001-0001,HKVNS ALUMNI ASSOCIATION KG (KCC),P,04/07/2023
KOWLOON CITY,564869-0001,HO OI DAY NURSERY (SIK SIK YUEN),Y,04/07/2023
KOWLOON CITY,325180-0001,HOLY TRINITY CENTRE KINDERGARTEN,N,04/07/2023
KOWLOON CITY,536024-0001,HOMANTIN BAPTIST CHURCH KINDERGARTEN,Y,04/07/2023
KOWLOON CITY,565016-0001,HOMANTIN YANG MEMORIAL METHODIST PRE-SCH,Y,04/07/2023
KOWLOON CITY,536288-0001,HONG KONG BAPTIST UNIVERSITY - KG,N,04/07/2023
KOWLOON CITY,325856-0001,HONG KONG SOKA KINDERGARTEN,N,04/07/2023
KOWLOON CITY,324930-0001,KOWLOON CANNAN ANGLO-CHINESE KG,Y,04/07/2023
KOWLOON CITY,324078-0001,KOWLOON CITY BAPTIST CHURCH KINDERGARTEN,Y,04/07/2023
KOWLOON CITY,564524-0001,KOWLOON LING LIANG CHURCH DAY NURSERY,P,04/07/2023
KOWLOON CITY,324680-0001,KOWLOON LING LIANG CHURCH KINDERGARTEN,Y,04/07/2023
KOWLOON CITY,566195-0001,KOWLOON WOMEN'S WELFARE CLUB NURSERY SCH,N,04/07/2023
KOWLOON CITY,564567-0001,LUTHERAN PHILIP HOUSE MA TAU WAI NUR SCH,Y,04/07/2023
KOWLOON CITY,565695-0001,MARTHA BOSS LUTHERAN DAY NURSERY,Y,04/07/2023
KOWLOON CITY,325040-0001,MAY NGA KINDERGARTEN,Y,04/07/2023
KOWLOON CITY,325775-0001,MAY NGA KINDERGARTEN (BRANCH),Y,04/07/2023
KOWLOON CITY,565687-0001,MAY NGA NURSERY,N,04/07/2023
KOWLOON CITY,566691-0001,PLK CHAN LAI WAI LIN KINDERGARTEN,Y,04/07/2023
KOWLOON CITY,563927-0001,PLK LAM TING LAI LING KINDERGARTEN,Y,04/07/2023
KOWLOON CITY,325988-0001,PLK LI TSUI CHUNG SING MEMORIAL KG,Y,04/07/2023
KOWLOON CITY,539104-0001,PLK TAM AU-YEUNG SIU FONG MEMORIAL KG,P,04/07/2023
KOWLOON CITY,563803-0001,PO LEUNG KUK LUI CHAN WAI CHING KG,Y,04/07/2023
KOWLOON CITY,564001-0001,POK OI HOSPITAL MRS YAM WING YIN KG,N,04/07/2023
KOWLOON CITY,324477-0001,POOI TO PRIMARY SCHOOL,N,04/07/2023
KOWLOON CITY,563064-0001,SA LOK MAN NURSERY SCH,Y,04/07/2023
KOWLOON CITY,215643-0001,SKH GOOD SHEPHERD KINDERGARTEN,N,04/07/2023
KOWLOON CITY,325600-0001,SKH HOLY TRINITY CH TSANG SHIU TIM KG,Y,04/07/2023
KOWLOON CITY,324647-0001,ST MARK'S CHURCH BRADBURY KINDERGARTEN,N,04/07/2023
KOWLOON CITY,537349-0001,ST MONICA'S KINDERGARTEN,Y,04/07/2023
KOWLOON CITY,312479-0001,ST ROSE OF LIMA'S KINDERGARTEN,N,04/07/2023
KOWLOON CITY,523526-0002,SUN ISLAND ENGLISH KG (LOK MAN),Y,04/07/2023
KOWLOON CITY,215678-0001,SUN ISLAND ENGLISH KINDERGARTEN,Y,04/07/2023
KOWLOON CITY,563781-0001,TSUNG TSIN MISSION OF HK ON KEI NUR SCH,Y,04/07/2023
KOWLOON CITY,563579-0001,TWGHS LO WONG PIK SHAN NURSERY SCH,Y,04/07/2023
KOWLOON CITY,610771-0001,WILLIAM (SMART) KINDERGARTEN (WHAMPOA),Y,04/07/2023
KOWLOON CITY,599700-0001,YMCA OF HK CHRISTIAN KG (KAI CHING),Y,04/07/2023
KOWLOON CITY,565520-0001,YMCA OF HK CHRISTIAN NUR SCH (FARM ROAD),Y,04/07/2023
WONG TAI SIN,316504-0001,A-ONE KINDERGARTEN,Y,04/07/2023
WONG TAI SIN,563463-0001,BGCAHK CHEERLAND KG (WONG TAI SIN),Y,04/07/2023
WONG TAI SIN,325678-0001,BUDDHIST FOO HONG KINDERGARTEN,Y,04/07/2023
WONG TAI SIN,565873-0001,C & MA FU SHAN NURSERY SCH,Y,04/07/2023
WONG TAI SIN,566020-0001,CARITAS KAI YAU NURSERY SCHOOL,P,04/07/2023
WONG TAI SIN,323268-0001,CHRISTIAN EVANGELICAL CENTRE LOK FU KG,Y,04/07/2023
WONG TAI SIN,530379-0001,DIAMOND HILL LING LIANG KINDERGARTEN,Y,04/07/2023
WONG TAI SIN,549169-0001,ECFB CREATIVITY KINDERGARTEN,Y,04/07/2023
WONG TAI SIN,564303-0001,FIVE DIS  B W  ASSN CHEUNG CHUK SHAN KG,N,04/07/2023
WONG TAI SIN,564290-0001,FIVE DISTRICTS BUSINESS WELFARE ASSN KG,Y,04/07/2023
WONG TAI SIN,325880-0001,GRACE METHODIST CHURCH KINDERGARTEN,Y,04/07/2023
WONG TAI SIN,538132-0001,GRACEFIELD EAST KOWLOON CHRISTIAN KG,Y,04/07/2023
WONG TAI SIN,325090-0001,HK AND MACAU LUTHERAN CH SHEK ON MEM KG,Y,04/07/2023
WONG TAI SIN,325716-0001,HKTA YUEN YUEN KG (TUNG TAU ESTATE),Y,04/07/2023
WONG TAI SIN,564451-0001,HKYWCA CHOI WAN NURSERY SCHOOL,N,04/07/2023
WONG TAI SIN,565504-0001,HKYWCA FAITH HOPE NURSERY SCHOOL,Y,04/07/2023
WONG TAI SIN,523429-0001,HO LAP KG (SPONSORED BY SIK SIK YUEN),Y,04/07/2023
WONG TAI SIN,325643-0001,HO TAK KG (SPONSORED BY SIK SIK YUEN),Y,04/07/2023
WONG TAI SIN,325686-0001,HONG KONG BETHEL CHURCH GIDEON KG,Y,04/07/2023
WONG TAI SIN,550035-0001,HONG KONG KINDERGARTEN ASSN PRE-SCHOOL,Y,04/07/2023
WONG TAI SIN,595144-0001,JONATHAN INNOVATIVE ENGLISH KINDERGARTEN,Y,04/07/2023
WONG TAI SIN,324833-0001,KAM LAM CATHOLIC KINDERGARTEN,P,04/07/2023
WONG TAI SIN,325910-0001,KOWLOON CITY BAPTIST CHURCH TSZ OI KG,N,04/07/2023
WONG TAI SIN,325929-0001,LOK FU RHENISH CHURCH KINDERGARTEN,Y,04/07/2023
WONG TAI SIN,564397-0001,LOK FU RHENISH NURSERY,N,04/07/2023
WONG TAI SIN,325317-0001,LOK SIN TONG KU LEE KWOK SIN KG,Y,04/07/2023
WONG TAI SIN,563617-0001,NEW KLN WOMEN ASSN TSZ WAN SHAN NURSERY,Y,04/07/2023
WONG TAI SIN,528625-0001,OUR LADY'S KINDERGARTEN,Y,04/07/2023
WONG TAI SIN,563943-0001,PLK FONG TAM YUEN LEUNG TSZ WAN SHAN KG,Y,04/07/2023
WONG TAI SIN,325821-0001,PLK KAM HING KINDERGARTEN,Y,04/07/2023
WONG TAI SIN,563919-0001,PLK TSE WONG PUI KUEN KINDERGARTEN,N,04/07/2023
WONG TAI SIN,563811-0001,PO LEUNG KUK WONG SIU CHING KINDERGARTEN,Y,04/07/2023
WONG TAI SIN,321192-0001,REDEMPTION LUTHERAN KINDERGARTEN,Y,04/07/2023
WONG TAI SIN,564400-0001,SAN PO KONG RHENISH NURSERY,N,04/07/2023
WONG TAI SIN,523933-0001,SHARON LUTHERAN CHURCH KG (TSZ OI BR),Y,04/07/2023
WONG TAI SIN,216259-0001,SHUN SANG ANGLO-CHINESE KINDERGARTEN,P,04/07/2023
WONG TAI SIN,564370-0001,SIS. IMMACULATE HEART OF MARY WTS KG,N,04/07/2023
WONG TAI SIN,325546-0001,SKH KINDLY LIGHT CHURCH OR PUI CHEUNG KG,Y,04/07/2023
WONG TAI SIN,564060-0001,TSUNG TSIN MISSION OF HK ON KEUNG N SCH,N,04/07/2023
WONG TAI SIN,542601-0001,TSZ CHING ESTATE BODHI SIKSA KG,Y,04/07/2023
WONG TAI SIN,325414-0001,TWGH LAI TANG YUEN-KAW KINDERGARTEN,Y,04/07/2023
WONG TAI SIN,563552-0001,TWGHS FONG SHIU YEE NURSERY SCH,Y,04/07/2023
WONG TAI SIN,564176-0001,TWGHS KWAN FONG NURSERY SCHOOL,N,04/07/2023
KWUN TONG,563455-0001,BGCA HK CHEERLAND KG (KOWLOON BAY),N,04/07/2023
KWUN TONG,565946-0001,BUDDHIST CHI WAI DAY NURSERY,Y,04/07/2023
KWUN TONG,323497-0001,BUDDHIST KAM LAI KINDERGARTEN,N,04/07/2023
KWUN TONG,614114-0001,C & M ALLIANCE ON TAI KG,Y,04/07/2023
KWUN TONG,216054-0001,CANNAN KG (LAGUNA CITY),P,04/07/2023
KWUN TONG,565962-0001,CARITAS NURSERY SCHOOL - LEI YUE MUN,Y,04/07/2023
KWUN TONG,566004-0001,CARITAS NURSERY SCHOOL - YAU TONG,Y,04/07/2023
KWUN TONG,323250-0001,CCC KEI FAAT KINDERGARTEN,P,04/07/2023
KWUN TONG,324809-0001,CCC KEI WA KINDERGARTEN,Y,04/07/2023
KWUN TONG,564664-0001,CFSC CHEERLAND KG,N,04/07/2023
KWUN TONG,610291-0001,CFSC YEOH CHOY WAI  HAAN MEMORIAL KG,Y,04/07/2023
KWUN TONG,523895-0001,CHAN MUNG YAN LUTHERAN KINDERGARTEN,Y,04/07/2023
KWUN TONG,325694-0001,CHOI HA ESTATE KIT SAM KINDERGARTEN,Y,04/07/2023
KWUN TONG,523178-0001,CHR ALLIANCE SMP CHEN LEE WING TSING KG,Y,04/07/2023
KWUN TONG,564656-0001,CHRISTIAN FAMILY SERVICE CTR TAK TIN KG,N,04/07/2023
KWUN TONG,325244-0001,CHRISTIAN LITTLE ANGEL KG RICHLAND GDN,Y,04/07/2023
KWUN TONG,577987-0001,CHRISTIAN LITTLE TREE KINDERGARTEN,Y,04/07/2023
KWUN TONG,595837-0001,CHRISTIAN YOUTH CENTRE KG (YAU TONG),Y,04/07/2023
KWUN TONG,522910-0001,CNEC CHRISTIAN KINDERGARTEN,Y,04/07/2023
KWUN TONG,566071-0001,CREATIVE DAY NURSERY (SCENEWAY),Y,04/07/2023
KWUN TONG,325864-0001,CREATIVE KINDERGARTEN (SCENEWAY GARDEN),Y,04/07/2023
KWUN TONG,322580-0001,DIAMOND HILL BAPT CH BRIGHT BLOSSOMS KG,P,04/07/2023
KWUN TONG,564834-0001,ELCHK  LING ON NURSERY SCHOOL,Y,04/07/2023
KWUN TONG,565369-0001,GARDEN ESTATE BAPTIST NURSERY SCHOOL,Y,04/07/2023
KWUN TONG,519855-0001,HK & MACAU LUTHERAN CHURCH TSUI EN KG,Y,04/07/2023
KWUN TONG,311650-0001,HK LUTHERAN CHURCH KWUN TONG KG,Y,04/07/2023
KWUN TONG,565415-0001,HKCS KWUN TONG NURSERY SCHOOL,N,04/07/2023
KWUN TONG,594130-0001,HKFYG KK CHENG KINDERGARTEN,Y,04/07/2023
KWUN TONG,565210-0001,HKSPC MR & MRS THOMAS TAM NURSERY SCHOOL,Y,04/07/2023
KWUN TONG,542326-0001,HKTA FUNG YING TUNG SIN QUEEN'S HILL KG,N,04/07/2023
KWUN TONG,605662-0001,HONG KONG CHRISTIAN SERVICE PARIO KG,P,04/07/2023
KWUN TONG,566160-0001,HONG KONG STUDENT AID SOCIETY PO TAT NUR,Y,04/07/2023
KWUN TONG,325791-0001,HONG YING ANGLO-CHINESE KINDERGARTEN,Y,04/07/2023
KWUN TONG,550892-0001,JING JING KINDERGARTEN (SHUN LEE BRANCH),Y,04/07/2023
KWUN TONG,324248-0001,KWUN TONG BAPTIST CHURCH KINDERGARTEN,Y,04/07/2023
KWUN TONG,319775-0001,KWUN TONG METHODIST KINDERGARTEN,Y,04/07/2023
KWUN TONG,214825-0001,KWUN TONG ST AGNES ENGLISH KINDERGARTEN,N,04/07/2023
KWUN TONG,524034-0002,LAM TIN LING LIANG KINDERGARTEN,N,04/07/2023
KWUN TONG,548278-0002,LEI YUE MUN METHODIST KINDERGARTEN,Y,04/07/2023
KWUN TONG,613509-0001,LIGHT AND LOVE HOME HAPPY KG (ON TAI),Y,04/07/2023
KWUN TONG,546038-0001,LOK SIN TONG MAN NG WING YEE KG,P,04/07/2023
KWUN TONG,564575-0001,LUTHERAN PHILIP HSE KAI YIP NURSERY SCH,Y,04/07/2023
KWUN TONG,563609-0001,NEW KLN WOMEN ASSN LOK WAH NURSERY,Y,04/07/2023
KWUN TONG,550663-0001,PEACE EVANGELICAL CTR KG (NGAU TAU KOK),Y,04/07/2023
KWUN TONG,323055-0001,PING SHEK KINGSLAND KINDERGARTEN,Y,04/07/2023
KWUN TONG,516309-0001,PLK MRS FONG WONG KAM CHUEN KINDERGARTEN,Y,04/07/2023
KWUN TONG,563951-0001,PO LEUNG KUK CHENG KWAN HOW YIN KG,Y,04/07/2023
KWUN TONG,563790-0001,PO LEUNG KUK KIM HUYNH KINDERGARTEN,N,04/07/2023
KWUN TONG,604259-0001,PO LEUNG KUK LEE SHU FOOK KINDERGARTEN,Y,04/07/2023
KWUN TONG,563935-0001,PO LEUNG KUK LEE SIU CHAN KINDERGARTEN,Y,04/07/2023
KWUN TONG,563730-0001,PO LEUNG KUK NG PO LING KINDERGARTEN,Y,04/07/2023
KWUN TONG,564036-0001,POK OI HOSPITAL CHAN HSU FONG LAM KG,Y,04/07/2023
KWUN TONG,566683-0001,POK OI HOSPITAL SY SIOK CHUN KG,Y,04/07/2023
KWUN TONG,595365-0001,SA CENTALINE CHARITY FUND YAU TONG KG,Y,04/07/2023
KWUN TONG,523364-0001,SALVATION ARMY PING TIN KINDERGARTEN,P,04/07/2023
KWUN TONG,325236-0001,SHARON LUTHERAN CHURCH KINDERGARTEN,Y,04/07/2023
KWUN TONG,324426-0001,SHIN YAT TONG ON YAT KINDERGARTEN,Y,04/07/2023
KWUN TONG,543390-0001,SHUN TAK FRATERNAL ASSN LEUNG KIT WAH KG,Y,04/07/2023
KWUN TONG,564486-0001,SHUN TIN RHENISH NURSERY,N,04/07/2023
KWUN TONG,564389-0001,SIS. IMMACULATE HEART MARY GOSPEL SMP KG,N,04/07/2023
KWUN TONG,325937-0001,SKH KINDLY LIGHT CH HOLY CARPENTER KG,Y,04/07/2023
KWUN TONG,607886-0001,SKH KINDLY LIGHT CH HOLY CARPENTER KG BR,N,04/07/2023
KWUN TONG,532169-0001,ST ANTONIUS KINDERGARTEN,Y,04/07/2023
KWUN TONG,319562-0001,ST BARNABAS' CHURCH KINDERGARTEN,Y,04/07/2023
KWUN TONG,325708-0001,ST JAMES CATHOLIC KINDERGARTEN,Y,04/07/2023
KWUN TONG,325732-0001,ST PHILIP LUTHERAN CHURCH KINDERGARTEN,Y,04/07/2023
KWUN TONG,563510-0001,ST VINCENT DE PAUL NURSERY SCHOOL,Y,04/07/2023
KWUN TONG,324736-0001,TELFORD GARDENS KINDERGARTEN,Y,04/07/2023
KWUN TONG,563749-0001,TSUNG TSIN MISSION OF HK ON YEE N SCH,Y,04/07/2023
KWUN TONG,517127-0001,TWGH WONG SEE SUM KINDERGARTEN,Y,04/07/2023
KWUN TONG,563536-0001,TWGHS CHAN HAN NURSERY SCHOOL,Y,04/07/2023
KWUN TONG,605530-0001,TWGHS LUCINA LAAM HO KINDERGARTEN,P,04/07/2023
KWUN TONG,566950-0001,UNITED CHRISTIAN MED SERVICE NURSERY SCH,Y,04/07/2023
KWUN TONG,528366-0001,YUEN YUEN KINDERGARTEN (PING TIN ESTATE),Y,04/07/2023
TSUEN WAN,601497-0001,611 TREE OF LIFE KINDERGARTEN,Y,04/07/2023
TSUEN WAN,563846-0001,ALICE LAN&VERA SHEN EDU F GORDON PEI KG,N,04/07/2023
TSUEN WAN,159220-0001,ANNUNCIATION CATHOLIC KINDERGARTEN,Y,04/07/2023
TSUEN WAN,560820-0001,ASSEMBLY OF GOD MCLEOD MEMORIAL KG,N,04/07/2023
TSUEN WAN,526010-0001,CANNAN KINDERGARTEN (RIVIERA GARDEN),Y,04/07/2023
TSUEN WAN,516376-0001,CANNAN KINDERGARTEN (TSUEN WAN),P,04/07/2023
TSUEN WAN,565628-0001,CASTAR KINDERGARTEN (LEI MUK SHUE),Y,04/07/2023
TSUEN WAN,566403-0001,CCC FUK YAU KINDERGARTEN,Y,04/07/2023
TSUEN WAN,566411-0001,CCC FUK YAU NO. II KINDERGARTEN,Y,04/07/2023
TSUEN WAN,598038-0001,CHRISTIAN ADRIANNE KG (BAYVIEW),Y,04/07/2023
TSUEN WAN,575640-0001,CHRISTIAN ADRIANNE KINDERGARTEN,Y,04/07/2023
TSUEN WAN,152269-0001,CHUEN YUEN CHURCH KINDERGARTEN,Y,04/07/2023
TSUEN WAN,552747-0001,CREATIVE KINDERGARTEN (MA WAN),Y,04/07/2023
TSUEN WAN,152498-0001,FUK LOY CHUEN KAM CHUEN KINDERGARTEN,Y,04/07/2023
TSUEN WAN,565296-0001,HKSPC SHAM TSENG NURSERY SCHOOL,Y,04/07/2023
TSUEN WAN,157066-0001,HKTA YUEN YUEN KINDERGARTEN,Y,04/07/2023
TSUEN WAN,563293-0001,HKYWCA TSUEN WAN NURSERY SCHOOL,N,04/07/2023
TSUEN WAN,595969-0001,HONG KONG LING LIANG CHURCH TSUEN WAN KG,P,04/07/2023
TSUEN WAN,156612-0002,MOE KINDERGARTEN,Y,04/07/2023
TSUEN WAN,152579-0001,MOON LOK KINDERGARTEN,Y,04/07/2023
TSUEN WAN,231690-0001,PARKVIEW RHINE GARDEN PRE-SCHOOL,Y,04/07/2023
TSUEN WAN,563757-0001,PO LEUNG KUK CHI PUI KINDERGARTEN,Y,04/07/2023
TSUEN WAN,563676-0001,PO LEUNG KUK FONG TAM YUEN LEUNG KG,Y,04/07/2023
TSUEN WAN,562963-0001,SA LEI MUK SHUE NURSERY SCH,N,04/07/2023
TSUEN WAN,158550-0001,SA NG KWOK WAI MEMORIAL KINDERGARTEN,Y,04/07/2023
TSUEN WAN,563129-0001,SA TSUEN WAN NURSERY SCH,N,04/07/2023
TSUEN WAN,231533-0001,ST MONICA'S ANGLO-CHINESE KG (TSUEN WAN),Y,04/07/2023
TSUEN WAN,566187-0001,ST MONICA'S KINDERGARTEN (TSUEN WAN),P,04/07/2023
TSUEN WAN,231584-0001,ST. ANTHONY'S KG (BELVEDERE GARDEN),Y,04/07/2023
TSUEN WAN,158496-0001,TSUEN WAN BAPTIST CHURCH KINDERGARTEN,P,04/07/2023
TSUEN WAN,153907-0001,TSUEN WAN OUR LADY KINDERGARTEN,Y,04/07/2023
TSUEN WAN,156922-0001,TSUEN WAN ST DOMINIC SAVIO KINDERGARTEN,N,04/07/2023
TSUEN WAN,562890-0001,YAN CHAI HOSPITAL CHOI PAT TAI KG,N,04/07/2023
TUEN MUN,231592-0001,AGNES ENGLISH KINDERGARTEN,P,04/07/2023
TUEN MUN,539554-0001,BAPTIST CONVENTION OF HK PO TIN KG,Y,04/07/2023
TUEN MUN,609641-0001,CANNAN KINDERGARTEN (PRIME VIEW GARDEN),Y,04/07/2023
TUEN MUN,566292-0001,CCC TUEN MUN CHURCH KG,Y,04/07/2023
TUEN MUN,596442-0001,CCC TUEN MUN CHURCH NO. 2 KINDERGARTEN,Y,04/07/2023
TUEN MUN,157236-0001,CHING CHUNG WU KING KINDERGARTEN,Y,04/07/2023
TUEN MUN,556246-0001,CREATIVE KINDERGARTEN (AEGEAN COAST),Y,04/07/2023
TUEN MUN,158852-0001,CREATIVE KINDERGARTEN (TUEN MUN BRANCH),Y,04/07/2023
TUEN MUN,565784-0001,FU TAI LUTHERAN DAY NURSERY,Y,04/07/2023
TUEN MUN,156930-0001,GUIDEPOSTS KG (TUEN MUN BRANCH),P,04/07/2023
TUEN MUN,158658-0001,GUIDEPOSTS KG 2ND BR (KIN SANG ESTATE),Y,04/07/2023
TUEN MUN,563277-0001,HKSKH ST SIMON'S LEUNG KING NURSERY SCH,Y,04/07/2023
TUEN MUN,563307-0001,HKSKH ST SIMON'S TAI HING NURSERY SCH,Y,04/07/2023
TUEN MUN,565059-0001,HKSPC BUTTERFLY ESTATE NURSERY SCHOOL,P,04/07/2023
TUEN MUN,562904-0001,HKYWCA ON TING NURSERY SCHOOL,Y,04/07/2023
TUEN MUN,157490-0001,"HOH FUK TONG KG (TM CH, CCC, HK CCL)",Y,04/07/2023
TUEN MUN,567892-0002,JING JING KG (TUEN MUN BRANCH),Y,04/07/2023
TUEN MUN,536768-0003,KARLAM KG (TUEN MUN BRANCH),Y,04/07/2023
TUEN MUN,562874-0001,KIN SANG BAPTIST CHURCH BRADBURY PRE SCH,Y,04/07/2023
TUEN MUN,158674-0001,KIN SANG LUTHERAN KINDERGARTEN,Y,04/07/2023
TUEN MUN,565725-0001,LEUNG KING LUTHERAN DAY NURSERY,P,04/07/2023
TUEN MUN,599999-0001,LITTLE NEWTON ANGLO-CHINESE KINDERGARTEN,Y,04/07/2023
TUEN MUN,158380-0001,LKWFS CHU SUI LAN ANGLO-CHINESE KG,Y,04/07/2023
TUEN MUN,158836-0001,LOK SIN TONG CHEUNG YIP MOU CHING KG,Y,04/07/2023
TUEN MUN,543616-0001,LST TANG TAK LIM KINDERGARTEN,Y,04/07/2023
TUEN MUN,157074-0001,LUI CHEUNG KWONG LUTHERAN KINDERGARTEN,Y,04/07/2023
TUEN MUN,231185-0001,MELODY AC KG (PRIME VIEW GARDEN BR),Y,04/07/2023
TUEN MUN,157503-0001,MELODY ANGLO-CHINESE KINDERGARTEN,P,04/07/2023
TUEN MUN,565679-0001,MELODY NURSERY (MELODY GARDEN),Y,04/07/2023
TUEN MUN,539872-0001,PLK CHOI KOON SHUM KINDERGARTEN,Y,04/07/2023
TUEN MUN,157376-0001,PLK TIN KA PING SIU HONG KINDERGARTEN,N,04/07/2023
TUEN MUN,158623-0001,PLK YICK KWAI FONG KINDERGARTEN,Y,04/07/2023
TUEN MUN,565318-0001,PO LEUNG KUK BUTTERFLY BAY KINDERGARTEN,Y,04/07/2023
TUEN MUN,563960-0001,PO LEUNG KUK YAU OI KINDERGARTEN,P,04/07/2023
TUEN MUN,156728-0001,REGINA COELI ANGLO-CHINESE KG (2ND BR),Y,04/07/2023
TUEN MUN,156515-0001,REGINA COELI ANGLO-CHINESE KINDERGARTEN,Y,04/07/2023
TUEN MUN,563080-0001,SA SAM SHING NURSERY SCH,N,04/07/2023
TUEN MUN,566179-0001,SKH S P CH CASTLE PEAK TSING WUN RD KG,N,04/07/2023
TUEN MUN,159131-0001,SKH ST PETER'S CH CP SIU LUN COURT KG,P,04/07/2023
TUEN MUN,157473-0001,SKH ST PETER'S CH SHAN KING ESTATE KG,Y,04/07/2023
TUEN MUN,151947-0001,SKH ST PETER'S CHURCH KG (CASTLE PEAK),Y,04/07/2023
TUEN MUN,157090-0001,STFA TM LEUNG LEE SAU YU KINDERGARTEN,P,04/07/2023
TUEN MUN,158747-0001,TIN KING EST BAPT LUI KWOK PAT FONG KG,Y,04/07/2023
TUEN MUN,541389-0001,TRUTH BAPTIST CHURCH EMPOWER KG,Y,04/07/2023
TUEN MUN,156744-0001,TWGH KO TECK KIN MEMORIAL KINDERGARTEN,N,04/07/2023
TUEN MUN,158054-0001,TWGH LEE WONG HING CHEUNG MEMORIAL KG,Y,04/07/2023
TUEN MUN,564150-0001,TWGHS  FONG TAM YUEN LEUNG NURSERY SCH,Y,04/07/2023
TUEN MUN,611093-0001,TWGHS KATHERINE MA KINDERGARTEN,Y,04/07/2023
TUEN MUN,563595-0001,TWGHS TIN KA PING NURSERY SCH,Y,04/07/2023
TUEN MUN,565911-0001,W.F.B. AVALOKITESVARA NURSERY SCH,Y,04/07/2023
TUEN MUN,565890-0001,W.F.B. MANTRA INSTITUTE NURSERY SCH,P,04/07/2023
TUEN MUN,563412-0001,YAN CHAI HOSPITAL SHAN KING KINDERGARTEN,N,04/07/2023
TUEN MUN,563366-0001,YAN CHAI HOSPITAL YAU OI KINDERGARTEN,Y,04/07/2023
TUEN MUN,539163-0001,YAN CHAI HOSPITAL YIM TSUI YUK SHAN KG,N,04/07/2023
TUEN MUN,157279-0001,YAN OI TONG ALLAN YAP KINDERGARTEN,Y,04/07/2023
TUEN MUN,564265-0001,YAN OI TONG LAU WONG FAT KINDERGARTEN,Y,04/07/2023
TUEN MUN,157031-0001,YAN OI TONG NGAN PO LING KINDERGARTEN,Y,04/07/2023
TUEN MUN,564273-0001,YAN OI TONG TIN KA PING KG,N,04/07/2023
YUEN LONG,597384-0001,ABIDING KINDERGARTEN,N,04/07/2023
YUEN LONG,597384-0002,ABIDING KINDERGARTEN,N,04/07/2023
YUEN LONG,537594-0001,ACADEMY KINDERGARTEN (TIN SHUI WAI),Y,04/07/2023
YUEN LONG,554383-0001,AGNES KINDERGARTEN (GRANDEUR TERRACE),Y,04/07/2023
YUEN LONG,598623-0001,AGNES WISE KINDERGARTEN,Y,04/07/2023
YUEN LONG,535583-0001,BAPTIST CHURCH SHINING GRACE KG,Y,04/07/2023
YUEN LONG,541427-0001,BUDDHIST CHI KWONG KINDERGARTEN,Y,04/07/2023
YUEN LONG,565814-0001,C & MA TIN CHUNG NURSERY SCH,P,04/07/2023
YUEN LONG,156949-0001,C&MA FAIRVIEW PARK KINDERGARTEN,Y,04/07/2023
YUEN LONG,534790-0001,CASTAR KINDERGARTEN,Y,04/07/2023
YUEN LONG,563226-0001,CECES ORGANIZED AETNA PRESCHOOL,N,04/07/2023
YUEN LONG,541230-0001,CHINESE YMCA KINDERGARTEN,Y,04/07/2023
YUEN LONG,159042-0001,CHR ALLIANCE CHEN LEE WING TSING MEM KG,Y,04/07/2023
YUEN LONG,560740-0001,CUHK FAA CHAN CHUN HA KINDERGARTEN,Y,04/07/2023
YUEN LONG,600377-0001,CUHK FAA SHUN LUNG YAN CHAK KINDERGARTEN,Y,04/07/2023
YUEN LONG,566780-0001,EFCC - TIN YAN NURSERY SCHOOL,Y,04/07/2023
YUEN LONG,590614-0001,ELITE KIDS ANGLO-CHINESE KINDERGARTEN,Y,04/07/2023
YUEN LONG,566012-0001,FIRST AOG CHURCH TIN CHAK NURSERY,Y,04/07/2023
YUEN LONG,541222-0001,GIGAMIND KINDERGARTEN,N,04/07/2023
YUEN LONG,159190-0001,GUIDEPOSTS KG 3RD BR (TIN SHUI ESTATE),Y,04/07/2023
YUEN LONG,524204-0001,HHCKLA BUDDHIST LAM WONG MING WAI KG,Y,04/07/2023
YUEN LONG,565377-0001,HKCS TIN HENG NURSERY SCHOOL,N,04/07/2023
YUEN LONG,564702-0001,HKSKH HA SUI WAN NURSERY SCHOOL,N,04/07/2023
YUEN LONG,159050-0001,HO SHUI KG SPONSORED BY SIK SIK YUEN,Y,04/07/2023
YUEN LONG,524360-0002,JADE KINDERGARTEN,Y,04/07/2023
YUEN LONG,519812-0001,JING JING AC KG (HUNG SHUI KIU BR),Y,04/07/2023
YUEN LONG,231886-0002,KARLAM ANGLO-CHINESE KINDERGARTEN,Y,04/07/2023
YUEN LONG,158410-0001,LONG PING ESTATE SING YAN KINDERGARTEN,Y,04/07/2023
YUEN LONG,532835-0001,MCC LITTLE ANGEL (TIN SHING) K/G,P,04/07/2023
YUEN LONG,566373-0001,NAAC YUEN LONG DAY NURSERY,Y,04/07/2023
YUEN LONG,158313-0001,NT AOG CHURCH WAI YAN KINDERGARTEN,Y,04/07/2023
YUEN LONG,566349-0001,NTW&JWA L YUEN LONG NURSERY SCHOOL,N,04/07/2023
YUEN LONG,575666-0001,PEACE EVANGELICAL CTR KG (TIN SHUI WAI),Y,04/07/2023
YUEN LONG,159034-0001,PLK CHAN SENG YEE KINDERGARTEN,Y,04/07/2023
YUEN LONG,605735-0001,PLK ELEANOR KWOK LAW KWAI CHUN KG,P,04/07/2023
YUEN LONG,564982-0001,PO LEUNG KUK LIU SEW HAR KINDERGARTEN,N,04/07/2023
YUEN LONG,564028-0001,POH CHAN POON PUI CHING MEMORIAL KG,N,04/07/2023
YUEN LONG,564010-0001,POH MRS CHU KWOK KING MEMORIAL KG,N,04/07/2023
YUEN LONG,157732-0001,PRISTINE KINDERGARTEN,P,04/07/2023
YUEN LONG,156981-0001,REGENT'S KINDERGARTEN (BRANCH SCHOOL),P,04/07/2023
YUEN LONG,562866-0001,SA KAM TIN NURSERY SCH,N,04/07/2023
YUEN LONG,542687-0001,SAGARMATHA KINDERGARTEN,N,04/07/2023
YUEN LONG,154601-0001,SKH ST JOSEPH'S CHURCH KINDERGARTEN,P,04/07/2023
YUEN LONG,156795-0001,ST MATTHIAS' CHURCH CHIU CHUN KG,P,04/07/2023
YUEN LONG,564710-0001,ST MATTHIAS' CHURCH NURSERY SCHOOL,N,04/07/2023
YUEN LONG,543012-0001,ST. JEROME'S CATHOLIC KINDERGARTEN,Y,04/07/2023
YUEN LONG,231010-0002,SUN ISLAND ENGLISH KG (YUEN LONG BRANCH),N,04/07/2023
YUEN LONG,544167-0001,TAI PO BAPTIST KG TIN CHAK ESTATE BRANCH,Y,04/07/2023
YUEN LONG,537950-0001,TALENT KINDERGARTEN,Y,04/07/2023
YUEN LONG,543489-0001,TIN SHUI WAI ALLIANCE KINDERGARTEN,P,04/07/2023
YUEN LONG,540560-0001,TSING YI TRADE ASSN TIN SHUI WAI KG,Y,04/07/2023
YUEN LONG,158976-0001,TWGH WONG CHU WAI FUN KINDERGARTEN,P,04/07/2023
YUEN LONG,564125-0001,TWGHS  ZONTA CLUB OF KOWLOON NURSERY SCH,P,04/07/2023
YUEN LONG,543918-0001,YAN CHAI HOSPITAL MING TAK KINDERGARTEN,Y,04/07/2023
YUEN LONG,563420-0001,YAN CHAI HOSPITAL NINA LAM KINDERGARTEN,N,04/07/2023
YUEN LONG,564257-0001,YAN OI TONG NG WONG FUNG YING KG,Y,04/07/2023
YUEN LONG,570885-0001,YL CHURCH (CCC) CHAN KWONG NO. 2 KG,N,04/07/2023
YUEN LONG,566250-0001,YL CHURCH CCC CHOW SUNG CHU OI NUR SCH,N,04/07/2023
YUEN LONG,159140-0001,YL P M S A A LAU LEUNG SHEUNG MEM K/G,Y,04/07/2023
YUEN LONG,159115-0001,YL TK DIST ASSN MRS WONG SIU KEUNG KG,Y,04/07/2023
YUEN LONG,549304-0001,YL TUNG KOON DIST ASSN HUNG TING KA KG,Y,04/07/2023
YUEN LONG,158500-0001,YLC(CCC) LONG PING ESTATE CHAN KWONG KG,P,04/07/2023
YUEN LONG,158321-0001,YUEN KONG KINDERGARTEN,N,04/07/2023
YUEN LONG,151629-0001,YUEN LONG CHURCH (CCC) CHAN KWONG KG,N,04/07/2023
YUEN LONG,155624-0001,YUEN LONG LUTHERAN LIFE KINDERGARTEN,N,04/07/2023
YUEN LONG,159018-0001,YUEN LONG MERCHANTS ASSOCIATION KG,Y,04/07/2023
YUEN LONG,564508-0001,YUEN LONG RHENISH NURSERY,Y,04/07/2023
YUEN LONG,159158-0001,YUEN LONG SAM YUK KINDERGARTEN,N,04/07/2023
YUEN LONG,545333-0001,YUEN YUEN KINDERGARTEN (TIN YAT ESTATE),Y,04/07/2023
NORTH,231088-0001,BILOK ANGLO-CHINESE KINDERGARTEN,Y,04/07/2023
NORTH,157252-0001,BUDDHIST SUM TUNG FOOK KINDERGARTEN,Y,04/07/2023
NORTH,231703-0001,CARBO ANGLO-CHINESE KG (FANLING),N,04/07/2023
NORTH,565989-0001,CARITAS NURSERY SCHOOL - TA KWU LING,Y,04/07/2023
NORTH,566047-0001,CARITAS ZONTA  CLUB OF HK NURSERY SCHOOL,Y,04/07/2023
NORTH,157791-0001,CHI CHR WK'S FELLOWSHIP LTD CHOI PO KG,Y,04/07/2023
NORTH,519090-0001,CHI CHR WK'S FELLOWSP LTD KING SHING KG,Y,04/07/2023
NORTH,575429-0001,CHINESE Y.M.C.A. SHEUNG SHUI KG,Y,04/07/2023
NORTH,158763-0001,CHR THE FAITH HOPE LOVE CH WAH MING KG,Y,04/07/2023
NORTH,536415-0001,DAWNING VIEWS ELEMENTI ENGLISH KG,Y,04/07/2023
NORTH,157627-0001,EVANGELICAL LU CH OF HK CHEUNG WAH KG,Y,04/07/2023
NORTH,157627-0002,EVANGELICAL LU CH OF HK CHEUNG WAH KG,N,04/07/2023
NORTH,519499-0001,FANLING AOG CHURCH GRACE LIGHT KG,Y,04/07/2023
NORTH,153451-0001,FANLING ASSEMBLIES OF GOD KINDERGARTEN,P,04/07/2023
NORTH,156230-0001,FANLING BAPTIST CHURCH LUI MING CHOI KG,N,04/07/2023
NORTH,158364-0001,FUNG KAI KINDERGARTEN,Y,04/07/2023
NORTH,597295-0001,GLORIA CREATIVE KG (SHEUNG SHUI),Y,04/07/2023
NORTH,587869-0001,GLORIA CREATIVE KINDERGARTEN,Y,04/07/2023
NORTH,587141-0001,HHCKLA BUDDHIST WAI KWONG KA FUK KG,Y,04/07/2023
NORTH,158720-0001,HHCKLA BUDDHIST WAI KWONG KINDERGARTEN,Y,04/07/2023
NORTH,569569-0001,HKEC ELITE KINDERGARTEN,Y,04/07/2023
NORTH,565202-0001,HKSPC OPERATION SANTA CLAUS FANLING N S,Y,04/07/2023
NORTH,542326-0002,HKTA FUNG YING TUNG SIN QUEEN'S HILL KG,Y,04/07/2023
NORTH,537098-0001,HONG KONG 5-S KINDERGARTEN,Y,04/07/2023
NORTH,563285-0001,KA FUK BAPTIST CHURCH PRE-SCHOOL,N,04/07/2023
NORTH,156191-0001,KAM TSIN VILLAGE HO TUNG KINDERGARTEN,Y,04/07/2023
NORTH,516627-0001,KOWLOON CITY BAPTIST CHURCH KA FUK KG,Y,04/07/2023
NORTH,566390-0001,NAAC FANLING DAY NURSERY,N,04/07/2023
NORTH,566306-0001,NTW&JWA L FANLING NURSERY SCHOOL,Y,04/07/2023
NORTH,566330-0001,NTW&JWA L SHEUNG SHUI NURSERY SCHOOL,N,04/07/2023
NORTH,158780-0001,PLK MRS VICWOOD KT CHONG KINDERGARTEN,Y,04/07/2023
NORTH,516384-0001,PLK YIP NG BUN BUN QUEEN'S HILL KG,P,04/07/2023
NORTH,563110-0001,SA TIN PING NURSERY SCHOOL,N,04/07/2023
NORTH,150843-0001,SHEUNG SHUI CHURCH KINDERGARTEN,Y,04/07/2023
NORTH,157406-0001,SHEUNG SHUI RHENISH CHURCH KINDERGARTEN,Y,04/07/2023
NORTH,158208-0001,SHEUNG SHUI WAI CHOW KG (BRANCH),Y,04/07/2023
NORTH,158593-0001,TAI PING KINDERGARTEN,Y,04/07/2023
NORTH,536709-0001,TRUTH BAPTIST CHURCH HO YUEN WAI KING KG,Y,04/07/2023
NORTH,325767-0002,TWGH FONG SHU FOOK TONG KINDERGARTEN,Y,04/07/2023
NORTH,158534-0001,TWGH TSUI TSIN TONG KINDERGARTEN,Y,04/07/2023
NORTH,563544-0001,TWGHS  HUNG WONG KAR GEE NURSERY SCHOOL,N,04/07/2023
NORTH,563390-0001,YAN CHAI HOSPITAL WING LUNG KINDERGARTEN,Y,04/07/2023
TAI PO,565806-0001,C & MA PLOVER COVE NURSERY SCH,N,04/07/2023
TAI PO,158577-0001,C&MA CHURCH TAI WO KINDERGARTEN,Y,04/07/2023
TAI PO,563471-0001,EFCC - PO NGA NURSERY SCHOOL,Y,04/07/2023
TAI PO,158909-0001,FU HENG BAPTIST LUI KWOK PAT FONG KG,Y,04/07/2023
TAI PO,565237-0001,HKSPC LAM WOO NURSERY SCHOOL,P,04/07/2023
TAI PO,158062-0001,HKTA YUEN YUEN KG (FU SHIN ESTATE),Y,04/07/2023
TAI PO,231134-0001,MINK ANGLO-CHINESE KINDERGARTEN,N,04/07/2023
TAI PO,566578-0001,PENTECOSTAL CHURCH OF HK TAI WO NS,N,04/07/2023
TAI PO,157449-0001,PLK TANG BIK WAN MEMORIAL KINDERGARTEN,Y,04/07/2023
TAI PO,563722-0001,PO LEUNG KUK LAU CHUN KINDERGARTEN,Y,04/07/2023
TAI PO,563102-0001,SA TAI YUEN NURSERY SCH,N,04/07/2023
TAI PO,158119-0001,SKH THE CHURCH OF OUR SAVIOUR KG,Y,04/07/2023
TAI PO,159166-0001,TAI PO BAPTIST KG WAN TAU TONG ESTATE BR,Y,04/07/2023
TAI PO,151157-0001,TAI PO BAPTIST KINDERGARTEN,Y,04/07/2023
TAI PO,158585-0001,TAI PO CATHOLIC KINDERGARTEN,Y,04/07/2023
TAI PO,158828-0001,TAI PO MERCHANTS ASSOCIATION KG,P,04/07/2023
TAI PO,158895-0001,TAI PO METHODIST KINDERGARTEN,Y,04/07/2023
TAI PO,150860-0001,TAI PO RHENISH CHURCH KINDERGARTEN,Y,04/07/2023
TAI PO,150860-0002,TAI PO RHENISH CHURCH KINDERGARTEN,N,04/07/2023
TAI PO,564087-0001,TSUNG TSIN MISSION OF HK ON YAN NUR SCH,N,04/07/2023
TAI PO,157309-0001,TWGH HUNG WONG KAR GEE KINDERGARTEN,Y,04/07/2023
TAI PO,563560-0001,TWGHS FONG LAI MING NURSERY SCHOOL,N,04/07/2023
TAI PO,621366-0001,WWCWDHK DAVID WOO MEM ANGLO-CHINESE KG,Y,04/07/2023
TAI PO,564281-0001,YAN OI TONG MRS AUGUSTA CHEUNG KG,Y,04/07/2023
SAI KUNG,158739-0001,BAPT CONVENTION OF HK RCHK NORTHWEST KG,Y,04/07/2023
SAI KUNG,231363-0001,BEVERLY ANGLO-CHINESE KINDERGARTEN,Y,04/07/2023
SAI KUNG,565458-0001,BGCAHK CHEERLAND KG (TSEUNG KWAN O),P,04/07/2023
SAI KUNG,159255-0001,C&MA CH UNION TSEUNG KWAN O ALLIANCE KG,Y,04/07/2023
SAI KUNG,524026-0001,C&MA CHURCH VERBENA KINDERGARTEN,P,04/07/2023
SAI KUNG,619787-0001,CANNAN KINDERGARTEN (TSEUNG KWAN O),N,04/07/2023
SAI KUNG,565997-0001,CARITAS NURSERY SCHOOL - TSUI LAM,Y,04/07/2023
SAI KUNG,528609-0001,CCCHK CHI TO CH KEI POK KG (TKO),P,04/07/2023
SAI KUNG,563480-0001,EFCC - AGC ABUNDANT GRACE NUR SCH,Y,04/07/2023
SAI KUNG,563340-0001,EFCC - VERBENA NURSERY SCH,N,04/07/2023
SAI KUNG,564818-0001,ELCHK  KIN MING NURSERY SCHOOL,N,04/07/2023
SAI KUNG,533351-0001,ELCHK TSEUNG KWAN O KINDERGARTEN,Y,04/07/2023
SAI KUNG,592080-0001,FUN CREATIVE KINDERGARTEN,Y,04/07/2023
SAI KUNG,519634-0001,HK CHINESE CHURCH OF CHRIST THE LIGHT KG,Y,04/07/2023
SAI KUNG,563269-0001,HKSKH ST SIMON'S SAI KUNG NURSERY SCH,P,04/07/2023
SAI KUNG,565008-0001,HKSPC OCEAN SHORES NURSERY SCHOOL,N,04/07/2023
SAI KUNG,565270-0001,HKSPC SZE WU SHU MIN NURSERY SCHOOL,Y,04/07/2023
SAI KUNG,525758-0001,HO CHING KG (SPONSORED BY SIK SIK YUEN),P,04/07/2023
SAI KUNG,158771-0003,JUNK BAY KINGSLAND KINDERGARTEN,Y,04/07/2023
SAI KUNG,565768-0001,KING LAM LUTHERAN DAY NURSERY,Y,04/07/2023
SAI KUNG,542830-0001,KWUN TONG BAPTIST CHURCH CHOI MING KG,Y,04/07/2023
SAI KUNG,554901-0001,LOCK TAO CHRISTIAN KINDERGARTEN,Y,04/07/2023
SAI KUNG,563498-0001,MISSION COVENANT CH SISTER ANNIE'S KG,Y,04/07/2023
SAI KUNG,530735-0001,PENTECOSTAL CH OF HK LEUNG SING TAK ANGL,Y,04/07/2023
SAI KUNG,566586-0001,PENTECOSTAL CH OF HK TSEUNG KWAN O NS,N,04/07/2023
SAI KUNG,159204-0001,PLK FONG WONG WOON TAI KINDERGARTEN,P,04/07/2023
SAI KUNG,563978-0001,PO LEUNG KUK CHOI KAI YAU KG,Y,04/07/2023
SAI KUNG,158232-0002,PO LEUNG KUK YIP NG BUN BUN KINDERGARTEN,Y,04/07/2023
SAI KUNG,159239-0001,SA HING YAN KINDERGARTEN,Y,04/07/2023
SAI KUNG,563072-0001,SA MING TAK NURSERY SCH,N,04/07/2023
SAI KUNG,153036-0001,SAI KUNG LOK-YUK KINDERGARTEN,Y,04/07/2023
SAI KUNG,559768-0001,ST ANDREW'S CATHOLIC KINDERGARTEN,Y,04/07/2023
SAI KUNG,324957-0002,STEWARDS POOI YAN KINDERGARTEN,Y,04/07/2023
SAI KUNG,525731-0001,SUN ISLAND ENGLISH KG (SAI KUNG),Y,04/07/2023
SAI KUNG,530417-0001,TSEUNG KWAN O METHODIST KINDERGARTEN,Y,04/07/2023
SAI KUNG,534153-0001,TSING YI TRADE ASSN TSEUNG KWAN O KG,N,04/07/2023
SAI KUNG,158470-0001,TSUI LAM ESTATE BAPTIST KINDERGARTEN,Y,04/07/2023
SAI KUNG,158526-0001,TSUNG TSIN MISSION GRACEFUL KINDERGARTEN,Y,04/07/2023
SAI KUNG,559385-0001,TWGHS LIONS CLUB OF METROPOLITAN H K KG,Y,04/07/2023
SAI KUNG,158984-0001,TWGHS NICKON KG,P,04/07/2023
SAI KUNG,540811-0001,YAN OI TONG DAN YANG WING MAN KG,Y,04/07/2023
SHA TIN,563838-0001,ALICE LAN&VERA SHEN EDU F DELIA PEI KG,Y,04/07/2023
SHA TIN,543861-0001,ASSEMBLY OF GOD UNION CHURCH KG,Y,04/07/2023
SHA TIN,564923-0001,BAPTIST CONVENTION OF HK LEE ON NURSERY,Y,04/07/2023
SHA TIN,565857-0001,C & MA SHATIN NURSERY SCH,Y,04/07/2023
SHA TIN,524328-0001,C&MA JOYFUL PEACE KINDERGARTEN,Y,04/07/2023
SHA TIN,565970-0001,CARITAS NURSERY SCHOOL - SHATIN,N,04/07/2023
SHA TIN,157295-0001,"CCC, SHATIN CHURCH POK HONG KINDERGARTEN",Y,04/07/2023
SHA TIN,522678-0001,CHR LITTLE ANGEL KG (KAM FUNG COURT),Y,04/07/2023
SHA TIN,537578-0001,CREATIVE KINDERGARTEN (CASTELLO),Y,04/07/2023
SHA TIN,158887-0001,CUHKFAA THOMAS CHEUNG KINDERGARTEN,Y,04/07/2023
SHA TIN,564826-0001,ELCHK  CHUNG ON NURSERY SCHOOL,P,04/07/2023
SHA TIN,151203-0001,ELCHK SHATIN LUTHERAN KINDERGARTEN,Y,04/07/2023
SHA TIN,563862-0001,EMMANUEL CHURCH SHATIN NURSERY SCHOOL,P,04/07/2023
SHA TIN,563854-0001,FM CHURCH BRADBURY CHUN LEI NURSERY SCH,Y,04/07/2023
SHA TIN,565431-0001,HENG ON BAPTIST NURSERY SCHOOL,P,04/07/2023
SHA TIN,563900-0001,HK & KKWA TING SUN HUI CHIU KG,N,04/07/2023
SHA TIN,157597-0001,HK&KKFWA SUN FONG CHUNG KG,P,04/07/2023
SHA TIN,564320-0001,HK&KKWA SUN FONG CHUNG KG (SUI WO COURT),N,04/07/2023
SHA TIN,614106-0001,HKCS PARIO KINDERGARTEN (SHATIN),Y,04/07/2023
SHA TIN,565261-0001,HKSPC THE JOCKEY CLUB HOK SAM NUR SCH,Y,04/07/2023
SHA TIN,563234-0001,HKYWCA LUNG HANG NURSERY SCHOOL,P,04/07/2023
SHA TIN,524441-0001,HOP YAT CHURCH SHIN KA CHUEN MEM KG,P,04/07/2023
SHA TIN,151009-0001,IMMACULATE HEART OF MARY KINDERGARTEN,P,04/07/2023
SHA TIN,158569-0001,KOWLOON CITY BAPTIST CHURCH HAY NIEN KG,Y,04/07/2023
SHA TIN,158704-0001,KWONG LAM BAPTIST LUI KWOK PAT FONG KG,Y,04/07/2023
SHA TIN,324884-0002,LOK SIN TONG LEE YIN YEE KINDERGARTEN,P,04/07/2023
SHA TIN,157864-0001,LOK SIN TONG STEPHEN LEUNG KINDERGARTEN,Y,04/07/2023
SHA TIN,157600-0001,LOVING HEART LUTHERAN KINDERGARTEN,Y,04/07/2023
SHA TIN,564559-0001,LUTHERAN PHILIP HSE OI LUN NURSERY SCH,Y,04/07/2023
SHA TIN,520071-0001,MA ON SHAN LING LIANG KINDERGARTEN,Y,04/07/2023
SHA TIN,157058-0001,MEI LAM ESTATE TO KWONG KINDERGARTEN,Y,04/07/2023
SHA TIN,563625-0001,NEW KLN WOMEN ASSN SHA KOK NURSERY,N,04/07/2023
SHA TIN,563633-0001,NEW KLN WOMEN ASSN SUN CHUI NURSERY,Y,04/07/2023
SHA TIN,566314-0001,NTW&JWA L POK HONG NURSERY SCHOOL,N,04/07/2023
SHA TIN,158429-0001,PEACE EVANGELICAL CENTRE KINDERGARTEN,Y,04/07/2023
SHA TIN,158240-0001,PLK FUNG LEUNG KIT MEMORIAL KINDERGARTEN,Y,04/07/2023
SHA TIN,156779-0001,PLK NG TOR TAI KINDERGARTEN,Y,04/07/2023
SHA TIN,565326-0001,PO LEUNG KUK TONG CHOR NAM (LEK YUEN) KG,Y,04/07/2023
SHA TIN,562947-0001,SA JAT MIN NURSERY SCH,N,04/07/2023
SHA TIN,156973-0001,SA TIN KA PING KINDERGARTEN,Y,04/07/2023
SHA TIN,563153-0001,SA WO CHE NURSERY SCH,N,04/07/2023
SHA TIN,156493-0001,SKH HOLY SPIRIT CHURCH KG,Y,04/07/2023
SHA TIN,159212-0001,STEWARDS POOI CHUN KINDERGARTEN,Y,04/07/2023
SHA TIN,158160-0001,STFA LEUNG LEE SAU YU (SHATIN) KG,P,04/07/2023
SHA TIN,576743-0001,THE SAL ARMY CENTALINE CHARITY FUND KG,Y,04/07/2023
SHA TIN,605620-0001,THE SALVATION ARMY SHUI CHUEN O KG,Y,04/07/2023
SHA TIN,564753-0002,TRUTH BAPTIST CHURCH GLORY NURSERY,Y,04/07/2023
SHA TIN,528811-0001,TRUTH BAPTIST CHURCH GRACE KINDERGARTEN,Y,04/07/2023
SHA TIN,158259-0001,TRUTH BAPTIST CHURCH KINDERGARTEN,Y,04/07/2023
SHA TIN,158860-0001,TRUTH BAPTIST CHURCH PICTORIAL KG,Y,04/07/2023
SHA TIN,540579-0001,TSUNG TSIN MISS GRACEFUL KG (MA ON SHAN),Y,04/07/2023
SHA TIN,609137-0001,TTMHK ON CHUNG KG,Y,04/07/2023
SHA TIN,157384-0001,TWGH CHAN KING HAR KINDERGARTEN,Y,04/07/2023
SHA TIN,156752-0001,TWGH LIU YAN TAK MEMORIAL KINDERGARTEN,Y,04/07/2023
SHA TIN,157511-0001,TWGH LUI FUNG FAUNG MEMORIAL KG,Y,04/07/2023
SHA TIN,564109-0001,TWGHS LIONS CLUB SOUTH KLN NURSERY SCH,Y,04/07/2023
SHA TIN,618594-0001,YAN OI TONG MRS CHENG TING KONG KINDERGA,Y,04/07/2023
SHA TIN,231398-0001,YIU WING ANGLO-CHINESE KINDERGARTEN,Y,04/07/2023
SHA TIN,157619-0001,YUE TIN COURT YIU WING ANGLO-CHINESE KG,N,04/07/2023
KWAI TSING,540498-0001,ANANI KINDERGARTEN,Y,04/07/2023
KWAI TSING,510726-0001,ASBURY METHODIST KINDERGARTEN,P,04/07/2023
KWAI TSING,559962-0001,CCC CHUEN YUEN KINDERGARTEN,Y,04/07/2023
KWAI TSING,565733-0001,CHEUNG CHING LUTHERAN DAY NURSERY,Y,04/07/2023
KWAI TSING,564680-0001,CHINESE YMCA KWAI CHUNG KINDERGARTEN,Y,04/07/2023
KWAI TSING,231240-0001,CHOICE ENGLISH SCH & KG (TSING YI BR),Y,04/07/2023
KWAI TSING,534226-0001,CREATIVE KINDERGARTEN (TSING YI),N,04/07/2023
KWAI TSING,565571-0001,ELCHK  GRACE NURSERY SCHOOL,N,04/07/2023
KWAI TSING,564842-0001,ELCHK  LING KUNG NURSERY SCHOOL,N,04/07/2023
KWAI TSING,156272-0001,FU YIU KINDERGARTEN,Y,04/07/2023
KWAI TSING,157643-0001,GREENVILLE ANGLO-CHINESE KINDERGARTEN,Y,04/07/2023
KWAI TSING,612561-0001,HEEP HONG SOCIETY SFA HEALTHY KIDS KG,Y,04/07/2023
KWAI TSING,159000-0001,HK SKH THE CHURCH OF THE EPIPHANY KG,Y,04/07/2023
KWAI TSING,564893-0001,HKSKH LADY MACLEHOSE CTR (SHEK YAM) KG,P,04/07/2023
KWAI TSING,564907-0001,HKSKH LADY MACLEHOSE CTR KG,Y,04/07/2023
KWAI TSING,563358-0001,HKSKH ST NICHOLAS' NURSERY SCHOOL,Y,04/07/2023
KWAI TSING,564494-0001,HKYWCA CHEUNG CHING NURSERY SCHOOL,Y,04/07/2023
KWAI TSING,158461-0001,ISLAMIC POK OI KINDERGARTEN,Y,04/07/2023
KWAI TSING,155560-0001,KWAI CHUNG BAPTIST CHURCH KINDERGARTEN,Y,04/07/2023
KWAI TSING,528153-0001,KWAI SHING RHENISH CHURCH KINDERGARTEN,Y,04/07/2023
KWAI TSING,564630-0001,LAI KING RHENISH NURSERY,Y,04/07/2023
KWAI TSING,156205-0001,LOK KING KINDERGARTEN,Y,04/07/2023
KWAI TSING,565709-0001,MARITIME SQUARE LUTHERAN DAY NURSERY,N,04/07/2023
KWAI TSING,566322-0001,NTW&JWA L CHEUNG FAT NURSERY SCHOOL,Y,04/07/2023
KWAI TSING,546127-0001,PEACE EVANGELICAL CENTRE KG (TSING YI),Y,04/07/2023
KWAI TSING,158488-0001,PLK FIONA CHEUNG SUM YU KINDERGARTEN,Y,04/07/2023
KWAI TSING,566675-0001,PLK LUI CHAN WAI CHING (KWAI FONG) KG,Y,04/07/2023
KWAI TSING,563994-0001,PLK MR & MRS CHARLIE LEE KINDERGARTEN,Y,04/07/2023
KWAI TSING,158453-0001,PLK MRS CHAO KING LIN KINDERGARTEN,Y,04/07/2023
KWAI TSING,542768-0001,PLK MRS TAM WAH CHING KINDERGARTEN,Y,04/07/2023
KWAI TSING,157813-0001,PLK TIN KA PING KINDERGARTEN,Y,04/07/2023
KWAI TSING,157856-0001,ROCK OF AGES LUTHERAN KINDERGARTEN,Y,04/07/2023
KWAI TSING,157678-0001,SA FU KEUNG KINDERGARTEN,P,04/07/2023
KWAI TSING,563099-0001,SA TAI WO HAU NURSERY SCH,Y,04/07/2023
KWAI TSING,582530-0001,SIN CHING KINDERGARTEN,Y,04/07/2023
KWAI TSING,526665-0001,SKH CROWN OF THORNS CHURCH KWAI CHUNG KG,P,04/07/2023
KWAI TSING,153087-0001,SKH CROWN OF THORNS CHURCH SADICK KG,Y,04/07/2023
KWAI TSING,568104-0001,SKH ST CHRISTOPHER'S NUR (KWAI CHUNG),P,04/07/2023
KWAI TSING,156841-0001,ST STEPHEN'S CATHOLIC KINDERGARTEN,Y,04/07/2023
KWAI TSING,532533-0001,ST THOMAS' CATHOLIC KINDERGARTEN,Y,04/07/2023
KWAI TSING,231347-0001,SUN ISLAND ENGLISH KG (KWAI HING BRANCH),Y,04/07/2023
KWAI TSING,231576-0001,SUN ISLAND ENGLISH KG (KWAI KING BRANCH),Y,04/07/2023
KWAI TSING,156426-0001,SUNG KEI KINDERGARTEN,Y,04/07/2023
KWAI TSING,519103-0001,TIVOLI ANGLO-CHINESE KINDERGARTEN,Y,04/07/2023
KWAI TSING,564761-0001,TIVOLI KINDERGARTEN,Y,04/07/2023
KWAI TSING,158070-0001,TSING YI TRADE ASSOCIATION KINDERGARTEN,Y,04/07/2023
KWAI TSING,519448-0001,TSING YI TRADE ASSOCIATION SHEK YAM KG,Y,04/07/2023
KWAI TSING,549355-0001,TSUEN WAN BAPTIST CHURCH SHEK LEI KG,P,04/07/2023
KWAI TSING,159026-0001,TSUEN WAN TRADE ASSN CHU CHEONG KG,Y,04/07/2023
KWAI TSING,518077-0001,TSUEN WAN TRADE ASSN YAU KIN FUNG KG,Y,04/07/2023
KWAI TSING,158640-0001,TSUEN WAN TRADE ASSOCIATION CHUNG LOI KG,Y,04/07/2023
KWAI TSING,542547-0001,TWGH WONG WU LAI MING KINDERGARTEN,Y,04/07/2023
KWAI TSING,564141-0001,TWGHS LIONS CLUB THE PEAK HK NUR SCH,Y,04/07/2023
KWAI TSING,565903-0001,W.F.B. MANJUSRI NURSERY SCH,Y,04/07/2023
KWAI TSING,563374-0001,YAN CHAI HOSPITAL JU CHING CHU KG,Y,04/07/2023
KWAI TSING,563404-0001,YAN CHAI HOSPITAL TUNG PAK YING KG,Y,04/07/2023
KWAI TSING,159093-0001,YAN OI TONG PANG HUNG CHEUNG KG,Y,04/07/2023
KWAI TSING,563382-0001,YCH ZONTA CLUB OF KOWLOON KINDERGARTEN,Y,04/07/2023
ISLANDS,517518-0001,BUDDHIST CHEUNG MUI KWAI KINDERGARTEN,Y,04/07/2023
ISLANDS,556220-0001,BUDDHIST CHUN YUE KG (TUNG CHUNG),Y,04/07/2023
ISLANDS,155233-0002,C&MA TAI O KINDERGARTEN,Y,04/07/2023
ISLANDS,151424-0001,CCC CHEUNG CHAU CHURCH KAM KONG KG,Y,04/07/2023
ISLANDS,565741-0001,CHAN EN MEI LUTHERAN DAY NURSERY,Y,04/07/2023
ISLANDS,152978-0001,CHEUNG CHAU SACRED HEART KINDERGARTEN,Y,04/07/2023
ISLANDS,554251-0001,CHR THE FAITH HOPE L CH YAT TUNG KG,Y,04/07/2023
ISLANDS,524123-0001,CPC GREEN PASTURE KG,Y,04/07/2023
ISLANDS,566926-0001,HKSKH TUNG CHUNG NURSERY SCHOOL,N,04/07/2023
ISLANDS,615080-0001,HKYWCA HELEN LEE KINDERGARTEN,Y,04/07/2023
ISLANDS,527211-0001,KWOK MAN VERNACULAR NORMAL ANGLO-CHI KG,Y,04/07/2023
ISLANDS,155705-0001,LICK HANG KINDERGARTEN,N,04/07/2023
ISLANDS,155705-0002,LICK HANG KINDERGARTEN,N,04/07/2023
ISLANDS,565717-0001,LUI KWAN POK LUTHERAN DAY NURSERY,Y,04/07/2023
ISLANDS,566381-0001,NAAC TUNG CHUNG DAY NURSERY,Y,04/07/2023
ISLANDS,575011-0001,NAAC TUNG YAN DAY NURSERY,N,04/07/2023
ISLANDS,156698-0001,NAM YING KINDERGARTEN,Y,04/07/2023
ISLANDS,151564-0001,OUR LADY OF LOURDES CATHOLIC KG,Y,04/07/2023
ISLANDS,523445-0002,PLK CHEUNG POON MEI YEE KINDERGARTEN,N,04/07/2023
ISLANDS,556122-0001,SHIN YAT TONG YAT TUNG KINDERGARTEN,Y,04/07/2023
ISLANDS,555576-0001,SUN ISLAND KINDERGARTEN (TUNG CHUNG BR),P,04/07/2023
ISLANDS,612936-0001,THE SALVATION ARMY ROSITA YUEN KG,Y,04/07/2023
ISLANDS,542296-0001,TUNG CHUNG BAPTIST KINDERGARTEN,Y,04/07/2023
ISLANDS,543004-0001,TUNG CHUNG CATHOLIC KINDERGATEN,Y,04/07/2023
ISLANDS,153931-0001,WAI PENG KINDERGARTEN SCHOOL,Y,04/07/2023
